course_number,course_name,type,kind,lecturer,semester,ects,max_students,registered_students,no_dates_total,instute,email,level,study_area,university,curriculum,assessment_criteria,teaching_methods,language,other_information,study_subject,room_id
340.100,Algorithmen und Datenstrukturen 1,VO,Präsenz,Alois Ferscha,2024S,"3,00",200,194,14.0,I. Pervasive Computing,teaching@pervasive.jku.at,B1 - Bachelor 1. Jahr,Informatik,Johannes Kepler Universität Linz,Bachelorstudium Informatik,Klausur am Semesterende ,Foliengestützter Vortrag,Deutsch,https://www.pervasive.jku.at/Teaching/,Software,0
531.163,Analysis II,UE,Präsenz,Jan-Michael Holzinger,2024S,"2,00",25,10,8.0,A. MINT Didaktik,jan-michael.holzinger@jku.at,,,,,,,,,Not available,0
531.160,Analysis II,VO,Präsenz,Friedrich Pillichshammer,2024S,"3,00",100,98,29.0,A. MINT Didaktik,friedrich.pillichshammer@jku.at,,,,,,,,,Not available,0
256.906,Anwendung ERP-Systeme II,KS,Präsenz,N. N.,2024S,"3,00",60,60,2.0,I. WI Information Engineering,,,,,,,,,,Not available,0
239.141,Behavioral Economics,KS,Präsenz,Matthias Fahn,2024S,"3,00",200,147,10.0,I. Volkswirtschaftslehre,,B2 - Bachelor 2. Jahr,Volkswirtschaftslehre,Johannes Kepler Universität Linz,Bachelorstudium Wirtschaftswissenschaften,Klausur,"Vortrag und Diskussion, Experimente",Englisch,,Wahlfächer,0
376.027,Bionics - biomimetic Materials and Polymers,VL,Präsenz,Oliver Brüggemann,2024S,"1,50",50,50,4.0,I. Chemie der Polymere,oliver.brueggemann@jku.at,M1 - Master 1. Jahr,Chemie,Johannes Kepler Universität Linz,Masterstudium Polymer Chemistry,(*)Oral examination,(*)LectureQuestions allowed during the lecture,English and German,,(*)Electives,0
257.350,Business Engineering & Management,UE,Präsenz,Harald Lerchner,2024S,"3,00",30,13,11.0,I. WI Communications Engineering,,M1 - Master 1. Jahr,Wirtschaftsinformatik,Johannes Kepler Universität Linz,Masterstudium Wirtschaftsinformatik,"Ausarbeitung, Präsentation und Diskussion von Fallbeispielen und Spezialthemen",Angeleitete Explorierung und Reflexion,Deutsch,,Spezialkompetenz Wirtschaftsinformatik,0
257.320,Business Engineering & Management,VL,Präsenz,Harald Lerchner,2024S,"3,00",40,33,11.0,I. WI Communications Engineering,,M1 - Master 1. Jahr,Wirtschaftsinformatik,Johannes Kepler Universität Linz,Masterstudium Wirtschaftsinformatik,Klausur (100%),"Impulsreferate, interaktive Elemente",Deutsch oder Englisch,,Spezialkompetenz Wirtschaftsinformatik,0
364.000,Computer Graphics,VO,Präsenz,Oliver Bimber,2024S,"3,00",200,185,12.0,I. für Computergrafik,oliver.bimber@jku.at,B3 - Bachelor 3. Jahr,Informatik,Johannes Kepler Universität Linz,Bachelorstudium Informatik,"Zwischenprüfung e-Exam (Moodle Test) 
abschließende e-Prüfung (Moodle-Test)",PowerPoint Slides,Englisch,,Anwendungen,0
258.300,Data & Knowledge Engineering,VL,Präsenz,Michael Schrefl,2024S,"3,00",200,132,14.0,I. WI Data & Knowledge Engineering,dke.win@jku.at,B2 - Bachelor 2. Jahr,Wirtschaftsinformatik,Johannes Kepler Universität Linz,Bachelorstudium Wirtschaftsinformatik,Klausur (gemeinsam mit Übungsklausur): 2 Teile je 60 Minuten,Siehe Studienmodul  Methoden und Konzepte des Data & Knowledge Engineering (Sonstige Informationen)	,Deutsch,Siehe Studienmodul  Methoden und Konzepte des Data & Knowledge Engineering,Data & Knowledge Engineering,0
258.410,Data Mining,VL,Präsenz,Christoph Georg Schütz,2024S,"3,00",150,170,10.0,I. WI Data & Knowledge Engineering,christoph.schuetz@jku.at,M1 - Master 1. Jahr,Wirtschaftsinformatik,Johannes Kepler Universität Linz,Masterstudium Wirtschaftsinformatik,Schriftliche Klausur,"Die Lehrinhalte werden vermittelt mittels Methoden des Blended Learning, insbesondere Flipped Classroom, mit interaktiven Elementen zur Festigung des Wissens.",deutsch/englisch,,Wahlfach Wirtschaftsinformatik,0
371.000,Einführung in den Maschinenbau,VL,Präsenz,Klaus Zeman,2024S,"3,00",150,148,27.0,I. Mechatr. Produktentw. u. Fertigung,klaus.zeman@jku.at,B1 - Bachelor 1. Jahr,Maschinenbau,Johannes Kepler Universität Linz,Bachelorstudium Maschinenbau,schriftliche Prüfung,"Frontalunterricht, Erklären der theoretischen Grundlagen anhand eines Skriptums und Beispielen",Deutsch,keine,Pflichtfächer,0
239.124,Einführung in die Makroökonomie,IK,Präsenz,Maximilian Böck,2024S,"3,00",40,14,6.0,I. Volkswirtschaftslehre,,B1 - Bachelor 1. Jahr,Volkswirtschaftslehre,Johannes Kepler Universität Linz,Bachelorstudium Wirtschaftswissenschaften,"""Vorlesungsprüfung"" als schriftliche Prüfung(en):Zwei Klausuren (Multiple Choice-Fragen)Zumindest an einer der beiden Klausuren muss teilgenommen werden. 
Die bessere der Noten auf die beiden Klausuren bzw. die eine absolvierte Klausur wird gewertet. 
50 Prozent der Aufgaben müssen richtig sein, um eine positive Note zu bekommen. 
Intelligentes Fragenstellen und gute Diskussionsbeiträge werden durch Mitarbeitspunkte honoriert; sie können die Note verbessern, aber nicht das Durchkommen retten. ","Die Studierenden bereiten ein Lehrbuchkapitel vor. 
Der Lektor präsentiert die wichtigsten Inhalte im Kurs und macht Verweise auf die Praxis. 
Die Studierenden sollen durch Fragenstellen jedwede Unklarheit ausräumen. ",Deutsch,,Wahlfächer,0
239.125,Einführung in die Makroökonomie,IK,Präsenz,Benjamin Karner,2024S,"3,00",40,42,10.0,I. Volkswirtschaftslehre,,B1 - Bachelor 1. Jahr,Volkswirtschaftslehre,Johannes Kepler Universität Linz,Bachelorstudium Wirtschaftswissenschaften,"""Vorlesungsprüfung"" als schriftliche Prüfung(en):Zwei Klausuren (Multiple Choice-Fragen)Zumindest an einer der beiden Klausuren muss teilgenommen werden. 
Die bessere der Noten auf die beiden Klausuren bzw. die eine absolvierte Klausur wird gewertet. 
50 Prozent der Aufgaben müssen richtig sein, um eine positive Note zu bekommen. 
Intelligentes Fragenstellen und gute Diskussionsbeiträge werden durch Mitarbeitspunkte honoriert; sie können die Note verbessern, aber nicht das Durchkommen retten. ","Die Studierenden bereiten ein Lehrbuchkapitel vor. 
Der Lektor präsentiert die wichtigsten Inhalte im Kurs und macht Verweise auf die Praxis. 
Die Studierenden sollen durch Fragenstellen jedwede Unklarheit ausräumen. ",Deutsch,,Wahlfächer,0
239.126,Einführung in die Makroökonomie,IK,Präsenz,Benjamin Karner,2024S,"3,00",40,35,10.0,I. Volkswirtschaftslehre,,B1 - Bachelor 1. Jahr,Volkswirtschaftslehre,Johannes Kepler Universität Linz,Bachelorstudium Wirtschaftswissenschaften,"""Vorlesungsprüfung"" als schriftliche Prüfung(en):Zwei Klausuren (Multiple Choice-Fragen)Zumindest an einer der beiden Klausuren muss teilgenommen werden. 
Die bessere der Noten auf die beiden Klausuren bzw. die eine absolvierte Klausur wird gewertet. 
50 Prozent der Aufgaben müssen richtig sein, um eine positive Note zu bekommen. 
Intelligentes Fragenstellen und gute Diskussionsbeiträge werden durch Mitarbeitspunkte honoriert; sie können die Note verbessern, aber nicht das Durchkommen retten. ","Die Studierenden bereiten ein Lehrbuchkapitel vor. 
Der Lektor präsentiert die wichtigsten Inhalte im Kurs und macht Verweise auf die Praxis. 
Die Studierenden sollen durch Fragenstellen jedwede Unklarheit ausräumen. ",Deutsch,,Wahlfächer,0
239.300,Einführung in die Makroökonomie,IK,Präsenz,Johannes Lukas,2024S,"3,00",40,37,7.0,I. Volkswirtschaftslehre,,B1 - Bachelor 1. Jahr,Volkswirtschaftslehre,Johannes Kepler Universität Linz,Bachelorstudium Wirtschaftswissenschaften,"""Vorlesungsprüfung"" als schriftliche Prüfung(en):Zwei Klausuren (Multiple Choice-Fragen)Zumindest an einer der beiden Klausuren muss teilgenommen werden. 
Die bessere der Noten auf die beiden Klausuren bzw. die eine absolvierte Klausur wird gewertet. 
50 Prozent der Aufgaben müssen richtig sein, um eine positive Note zu bekommen. 
Intelligentes Fragenstellen und gute Diskussionsbeiträge werden durch Mitarbeitspunkte honoriert; sie können die Note verbessern, aber nicht das Durchkommen retten. ","Die Studierenden bereiten ein Lehrbuchkapitel vor. 
Der Lektor präsentiert die wichtigsten Inhalte im Kurs und macht Verweise auf die Praxis. 
Die Studierenden sollen durch Fragenstellen jedwede Unklarheit ausräumen. ",Deutsch,,Wahlfächer,0
259.002,Einführung in die Softwareentwicklung mit Python,VL,Präsenz,Iris Groher,2024S,"3,00",200,223,11.0,I. WI Software Engineering,iris.groher@jku.at,B2 - Bachelor 2. Jahr,Betriebswirtschaftslehre,Johannes Kepler Universität Linz,Bachelorstudium Betriebswirtschaftslehre,Kumulative Modulprüfung,"Folienvortrag mit Beispielen an der Tafel, Distance Learning",Deutsch / English,(*)Attending the exercise (Uebung) connected with this lecture in the same semester is obligatory.,Wahlfächer,0
243.115,Einführung in die Wirtschaftswissenschaften für Juristinnen und Juristen,KV,Präsenz,René Andeßner,2024S,"6,00",200,134,22.0,I. Public and Nonprofit Management,jurbwl@jku.at,D - Diplom,Rechtswissenschaften,Johannes Kepler Universität Linz,Diplomstudium Rechtswissenschaften,Schriftliche Klausur,"Vortrag durch die LVA-LeiterInnen
Diskussion von Fällen und Beispielen
Begleitendes Selbststudium",Deutsch,,Zweiter Studienabschnitt,0
325.004,Einführung in die Zahlentheorie,VO,Präsenz,Friedrich Pillichshammer,2024S,"3,00",30,20,13.0,I. Finanzmath. u. Angew. Zahlentheorie,,B3 - Bachelor 3. Jahr,Mathematik,Johannes Kepler Universität Linz,Bachelorstudium Technische Mathematik,Schriftliche Prüfung,,Deutsch,,Wahlfächer,0
340.400,Embedded and Pervasive Systems,VO,Präsenz,Alois Ferscha,2024S,"3,00",200,140,13.0,I. Pervasive Computing,teaching@pervasive.jku.at,B3 - Bachelor 3. Jahr,Informatik,Johannes Kepler Universität Linz,Bachelorstudium Informatik,Klausur am Semesterende,Foliengestützter Vortrag ,Deutsch,https://www.jku.at/institut-fuer-pervasive-computing/,Systeme,0
346.202,Exercises in Physical Chemistry II,UE,Präsenz,Elisabeth Leeb,2024S,"1,50",25,26,12.0,I. Physikalische Chemie,elisabeth.leeb@jku.at,B2 - Bachelor 2. Jahr,Chemie,Johannes Kepler Universität Linz,Bachelorstudium Chemistry and Chemical Technology,"(*)written exam, attendance, homework","(*)mathematical calculations of examples, questions during the course",Englisch,,(*)Physical Chemistry,0
346.203,Exercises in Physical Chemistry II,UE,Präsenz,Elisabeth Leeb,2024S,"1,50",25,26,12.0,I. Physikalische Chemie,elisabeth.leeb@jku.at,B2 - Bachelor 2. Jahr,Chemie,Johannes Kepler Universität Linz,Bachelorstudium Chemistry and Chemical Technology,"(*)written exam, attendance, homework","(*)mathematical calculations of examples, questions during the course",Englisch,,(*)Physical Chemistry,0
531.240,Geometrie,UV,Präsenz,Bert Jüttler,2024S,"3,00",25,30,34.0,A. MINT Didaktik,"bert.juettler@jku.at, katharina.rittenscho@ph-linz.at",,,,,,,,,Not available,0
531.241,Geometrie,UV,Präsenz,Bert Jüttler,2024S,"3,00",25,10,34.0,A. MINT Didaktik,"bert.juettler@jku.at, katharina.rittenscho@ph-linz.at",,,,,,,,,Not available,0
531.242,Geometrie,UV,Präsenz,Bert Jüttler,2024S,"3,00",25,14,34.0,A. MINT Didaktik,"bert.juettler@jku.at, katharina.rittenscho@ph-linz.at",,,,,,,,,Not available,0
243.001,Grundkurs Public und Nonprofit Management,KS,Präsenz,Sandra Stötzer,2024S,"6,00",100,72,11.0,I. Public and Nonprofit Management,,B2 - Bachelor 2. Jahr,Betriebswirtschaftslehre,Johannes Kepler Universität Linz,Bachelorstudium Betriebswirtschaftslehre,Schriftliche Klausur,Vortrag durch die Lehrenden; Selbststudium der Basisliteratur; gegebenenfalls Gastvortrag,Deutsch,,Wahlfächer,0
360.001,Grundzüge der Thermofluiddynamik,VL,Präsenz,Philipp Gittler,2024S,"4,50",200,121,28.0,I. Strömungslehre u. Wärmeübertragung,office.fluid@jku.at,B2 - Bachelor 2. Jahr,Mechatronik,Johannes Kepler Universität Linz,Bachelorstudium Mechatronik,Schriftliche und/oder mündliche Prüfung,Vortrag anhand eines Skriptums,Deutsch,begleitende Übung,Pflichtfächer,0
256.300,Informationsmanagement,VL,Präsenz,Michaela Trierweiler,2024S,"3,00",200,100,4.0,I. WI Information Engineering,,B2 - Bachelor 2. Jahr,Wirtschaftsinformatik,Johannes Kepler Universität Linz,Bachelorstudium Wirtschaftsinformatik,Schriftliche Klausur,Siehe  Informationsmanagement,Deutsch,,Information Engineering,0
345.130,Instrumentelle Analytik für Molekulare Biowissenschaften,VL,Präsenz,Christian Klampfl,2024S,"3,00",150,117,13.0,A. Analytische Chemie,analytik@jku.at,B2 - Bachelor 2. Jahr,Chemie,Johannes Kepler Universität Linz,Bachelorstudium Molekulare Biowissenschaften,schriftliche Prüfung,Vorlesung,Deutsch,,Organische und Analytische Chemie für Molekulare Biowissenschaften,0
347.354,Introduction to Genetics,VL,Präsenz,Michael Breitenbach,2024S,"1,50",180,179,5.0,I. Organische Chemie,,B1 - Bachelor 1. Jahr,Biologische Chemie,Johannes Kepler Universität Linz,Bachelorstudium Biological Chemistry,(*)Written Exam,(*)Lecture,Englisch,,(*)Electives,0
249.443,Investmentanalyse und Risikomanagement,KS,Präsenz,Johann Burgstaller,2024S,"3,00",100,24,12.0,A. Asset Management,johann.burgstaller@jku.at,B2 - Bachelor 2. Jahr,Betriebswirtschaftslehre,Johannes Kepler Universität Linz,Bachelorstudium Betriebswirtschaftslehre,Klausur und interaktives Element.,"Vortrag, Diskussion.",Deutsch,,Wahlfächer 2. Studienabschnitt,0
136.309,Kriminologie/Abweichendes Verhalten,VL,Präsenz,Helmut Hirtenlehner,2024S,"3,00",170,98,12.0,I. Strafrechtswissenschaften,,D - Diplom,Sozialwissenschaften,Johannes Kepler Universität Linz,Diplomstudium Rechtswissenschaften,Klausur am Ende des Semesters,Vortrag,Deutsch,,Wahlfächer,0
531.120,Lineare Algebra I,VO,Präsenz,Erhard Aichinger,2024S,"4,00",125,102,26.0,A. MINT Didaktik,erhard.aichinger@jku.at,,,,,,,,,Not available,0
368.102,Lineare Algebra und Analytische Geometrie 2,VO,Präsenz,Manuel Kauers,2024S,"7,50",120,43,37.0,I. Algebra,,B1 - Bachelor 1. Jahr,Mathematik,Johannes Kepler Universität Linz,Bachelorstudium Technische Mathematik,Schriftliche Prüfungen. ,,Deutsch,,Pflichtfächer,0
358.001,Maschinenelemente,VL,Präsenz,Gudrun Mikota,2024S,"3,00",170,117,13.0,I. Maschinenlehre u. Fluidtechnik,office.imh@jku.at,B2 - Bachelor 2. Jahr,Maschinenbau,Johannes Kepler Universität Linz,Bachelorstudium Maschinenbau,"Schriftliche und mündliche Prüfung. Die schriftliche Prüfung besteht aus zwei Beispielen; beide Beispiele umfassen jeweils die Berechnung einer kleineren Baugruppe. In Summe muss die Hälfte der Punkte erreicht werden, um zur mündlichen Prüfung antreten zu können. Ausnahme: bei der 3. Prüfung kann in jedem Fall ein Antritt zur mündlichen Prüfung erfolgen. In der mündlichen Prüfung werden zwei Fragen gestellt, die meist einen größeren Bereich umfassen; während der Antwort werden Zwischenfragen gestellt, um die Durchdringung des Fachgebietes zu überprüfen.",Frontalunterricht; ausführliches Skriptum; Üben des Erlernten in den begleitenden Übungen (siehe Maschinenelemente Übungen) ,Deutsch,Keine,Pflichtfächer,0
324.820,Mathematics for AI II,VL,Präsenz,Krystian Kazaniecki,2024S,"6,00",600,528,27.0,A. Funktionalanalysis,krystian.kazaniecki@jku.at,B1 - Bachelor 1. Jahr,Artificial Intelligence,Johannes Kepler Universität Linz,Bachelorstudium Artificial Intelligence,(*)final exam,,Englisch,,(*)Mathematics,0
357.121,Mathematik 2,UE,Präsenz,Robert Pollak,2024S,"1,50",35,30,19.0,I. Math. Methoden Med. u. Datenbas. Mod.,robert.pollak@jku.at,B1 - Bachelor 1. Jahr,Mathematik,Johannes Kepler Universität Linz,Bachelorstudium Mechatronik,"Schriftliche Übungsklausuren, Anzahl der vorbereiteten Beispiele, Präsentation von Aufgaben, erzielte Punkte bei Projektabgaben",Präsentation und Diskussion an der Tafel; eigenständige Ausarbeitung von Aufgaben,Deutsch,keine,Pflichtfächer,0
357.122,Mathematik 2,UE,Präsenz,Robert Pollak,2024S,"1,50",35,33,19.0,I. Math. Methoden Med. u. Datenbas. Mod.,info@m3dm.jku.at,B1 - Bachelor 1. Jahr,Mathematik,Johannes Kepler Universität Linz,Bachelorstudium Mechatronik,"Schriftliche Übungsklausuren, Anzahl der vorbereiteten Beispiele, Präsentation von Aufgaben, erzielte Punkte bei Projektabgaben",Präsentation und Diskussion an der Tafel; eigenständige Ausarbeitung von Aufgaben,Deutsch,keine,Pflichtfächer,0
357.123,Mathematik 2,UE,Präsenz,Dmitry Efrosinin,2024S,"1,50",35,35,19.0,I. Math. Methoden Med. u. Datenbas. Mod.,info@m3dm.jku.at,B1 - Bachelor 1. Jahr,Mathematik,Johannes Kepler Universität Linz,Bachelorstudium Mechatronik,"Schriftliche Übungsklausuren, Anzahl der vorbereiteten Beispiele, Präsentation von Aufgaben, erzielte Punkte bei Projektabgaben",Präsentation und Diskussion an der Tafel; eigenständige Ausarbeitung von Aufgaben,Deutsch,keine,Pflichtfächer,0
357.124,Mathematik 2,UE,Präsenz,Dmitry Efrosinin,2024S,"1,50",35,35,19.0,I. Math. Methoden Med. u. Datenbas. Mod.,,B1 - Bachelor 1. Jahr,Mathematik,Johannes Kepler Universität Linz,Bachelorstudium Mechatronik,"Schriftliche Übungsklausuren, Anzahl der vorbereiteten Beispiele, Präsentation von Aufgaben, erzielte Punkte bei Projektabgaben",Präsentation und Diskussion an der Tafel; eigenständige Ausarbeitung von Aufgaben,Deutsch,keine,Pflichtfächer,0
357.125,Mathematik 2,UE,Präsenz,Valentin Sturm,2024S,"1,50",35,37,19.0,I. Math. Methoden Med. u. Datenbas. Mod.,info@m3dm.jku.at,B1 - Bachelor 1. Jahr,Mathematik,Johannes Kepler Universität Linz,Bachelorstudium Mechatronik,"Schriftliche Übungsklausuren, Anzahl der vorbereiteten Beispiele, Präsentation von Aufgaben, erzielte Punkte bei Projektabgaben",Präsentation und Diskussion an der Tafel; eigenständige Ausarbeitung von Aufgaben,Deutsch,keine,Pflichtfächer,0
357.126,Mathematik 2,UE,Präsenz,Valentin Sturm,2024S,"1,50",35,35,19.0,I. Math. Methoden Med. u. Datenbas. Mod.,info@m3dm.jku.at,B1 - Bachelor 1. Jahr,Mathematik,Johannes Kepler Universität Linz,Bachelorstudium Mechatronik,"Schriftliche Übungsklausuren, Anzahl der vorbereiteten Beispiele, Präsentation von Aufgaben, erzielte Punkte bei Projektabgaben",Präsentation und Diskussion an der Tafel; eigenständige Ausarbeitung von Aufgaben,Deutsch,keine,Pflichtfächer,0
357.128,Mathematik 2,UE,Präsenz,Robert Pollak,2024S,"1,50",35,24,19.0,I. Math. Methoden Med. u. Datenbas. Mod.,info@m3dm.jku.at,B1 - Bachelor 1. Jahr,Mathematik,Johannes Kepler Universität Linz,Bachelorstudium Mechatronik,"Schriftliche Übungsklausuren, Anzahl der vorbereiteten Beispiele, Präsentation von Aufgaben, erzielte Punkte bei Projektabgaben",Präsentation und Diskussion an der Tafel; eigenständige Ausarbeitung von Aufgaben,Deutsch,keine,Pflichtfächer,0
245.312,Operations and Supply Chain Management,IK,Präsenz,Simon Currle,2024S,"3,00",40,42,10.0,I. Produktions-u.Logistikmanagement,simon.currle@jku.at,B2 - Bachelor 2. Jahr,Betriebswirtschaftslehre,Johannes Kepler Universität Linz,Bachelorstudium Betriebswirtschaftslehre,"Homework exercises, exam(s)","Discussion of exercises, group work",English,We strongly recommend to attend KS and IK “Operations and Supply Chain Management” in the same semester.,Wahlfächer,0
245.311,Operations and Supply Chain Management,KS,Präsenz,Simon Currle,2024S,"3,00",100,91,11.0,I. Produktions-u.Logistikmanagement,elisabeth.gaar@jku.at,B2 - Bachelor 2. Jahr,Betriebswirtschaftslehre,Johannes Kepler Universität Linz,Bachelorstudium Betriebswirtschaftslehre,"Exam(s), exercises","Lecture, case studies, discussion",English,We recommend to attend KS and IK “Operations and Supply Chain Management” in the same semester.,(*)Digitalization and Supply Chain Management,0
381.013,Polymer Injection Moulding 2: Process Technologies,KV,Präsenz,Georg Steinbichler,2024S,"3,00",35,11,14.0,"I. Polymer Inj. Moulding, Process Autom.",,M1 - Master 1. Jahr,Kunststofftechnik,Johannes Kepler Universität Linz,Masterstudium Polymer Technologies and Science (PTS),(*)Written exam,,Englisch,,(*)Polymer Processing,0
150.031,Praxis der Unternehmensbesteuerung,VL,Präsenz,Christoph Finsterer,2024S,"1,50",200,62,3.0,"I. Finanz-, Steuerrecht u. Steuerpolitik",steuerrecht@jku.at,D - Diplom,Rechtswissenschaften,Johannes Kepler Universität Linz,Diplomstudium Rechtswissenschaften,Die Beurteilung erfolgt auf Basis der Mitwirkung an den Vorlesungsinhalten.,Die Lehrinhalte werden im Rahmen von Vorträgen und Diskussionen erarbeitet. ,Deutsch,Die Lehrveranstaltung bildet in ihrer Gesamtheit einen Bestandteil des Fertigkeitentrainings im Sinne von § 3 des Curriculums. ,Zweiter Studienabschnitt,0
343.355,Projektorganisation,KV,Präsenz,Paul Grünbacher,2024S,"3,00",35,28,6.0,I. Software Systems Engineering,paul.gruenbacher@jku.at,B2 - Bachelor 2. Jahr,Informatik,Johannes Kepler Universität Linz,Bachelorstudium Informatik,2-4 praktische Übungen im Rahmen des Semesterprojekts; schriftlicher Test am Ende des Semesters (Sommersemester); Ausarbeitung und Präsentation eines Vertiefungsthemas (Wintersemester),Folienvortrag; Semesterprojekt in Gruppen; Besprechung neuer und abgegebener Projektaufgaben; Diskussionen; Verwendung von Softwarewerkzeugen,Deutsch,,Begleitende Inhalte,0
257.211,Prozess- und Kommunikationsmodellierung,UE,Präsenz,Udo Kannengiesser,2024S,"3,00",30,30,10.0,I. WI Communications Engineering,udo.kannengiesser@jku.at,B1 - Bachelor 1. Jahr,Wirtschaftsinformatik,Johannes Kepler Universität Linz,Bachelorstudium Wirtschaftsinformatik,Beurteilung von individuellen Modellierungsaufgaben und der Ergebnisse der Gruppenreflexion(Gewichtung je 50%) für jede Teilaufgabe.,Angeleitete Explorierung und Reflexion,Deutsch,Siehe  Prozess- und Kommunikationsmodellierung,Wahlfächer,0
257.213,Prozess- und Kommunikationsmodellierung,UE,Präsenz,Udo Kannengiesser,2024S,"3,00",30,16,10.0,I. WI Communications Engineering,udo.kannengiesser@jku.at,B1 - Bachelor 1. Jahr,Wirtschaftsinformatik,Johannes Kepler Universität Linz,Bachelorstudium Wirtschaftsinformatik,Beurteilung von individuellen Modellierungsaufgaben und der Ergebnisse der Gruppenreflexion(Gewichtung je 50%) für jede Teilaufgabe.,Angeleitete Explorierung und Reflexion,Deutsch,Siehe  Prozess- und Kommunikationsmodellierung,Wahlfächer,0
257.214,Prozess- und Kommunikationsmodellierung,UE,Präsenz,Richard Heininger,2024S,"3,00",30,31,10.0,I. WI Communications Engineering,richard.heininger@jku.at,B1 - Bachelor 1. Jahr,Wirtschaftsinformatik,Johannes Kepler Universität Linz,Bachelorstudium Wirtschaftsinformatik,Beurteilung von individuellen Modellierungsaufgaben und der Ergebnisse der Gruppenreflexion(Gewichtung je 50%) für jede Teilaufgabe.,Angeleitete Explorierung und Reflexion,Deutsch,Siehe  Prozess- und Kommunikationsmodellierung,Wahlfächer,0
257.200,Prozess- und Kommunikationsmodellierung,VL,Präsenz,Udo Kannengiesser,2024S,"3,00",200,152,8.0,I. WI Communications Engineering,udo.kannengiesser@jku.at,B1 - Bachelor 1. Jahr,Wirtschaftsinformatik,Johannes Kepler Universität Linz,Bachelorstudium Wirtschaftsinformatik,Klausur,"Konzeptuelle Inputs und interaktiver Diskurs auf Basis von Fragen, die zu jeder Lerneinheit gestellt werden. Das gesamte Material ist didaktisch aufbereitet in einer e-Learning-Plattform verfügbar. Die Studierenden haben die Möglichkeit, ihre Überlegungen in einem den Fragen zugeordneten Forum kontextsensitiv einzupflegen und zu bearbeiten.",Deutsch,Siehe  Prozess- und Kommunikationsmodellierung,Wahlfächer,0
361.007,Regelungstechnik,UE,Präsenz,Georg Hartl,2024S,"1,50",35,35,14.0,I. Regelungstechn. u. Prozessautomatis.,,B2 - Bachelor 2. Jahr,Mechatronik,Johannes Kepler Universität Linz,Bachelorstudium Mechatronik,"2 Klausuren, eine ca. zur Hälfte und eine am Ende der Lehrveranstaltung",Tafel- und Folienvortrag ergänzt durch Übungsbeispiele als Hausarbeit,Deutsch,,Pflichtfächer,0
361.008,Regelungstechnik,UE,Präsenz,Johannes Schrotshamer,2024S,"1,50",35,33,14.0,I. Regelungstechn. u. Prozessautomatis.,,B2 - Bachelor 2. Jahr,Mechatronik,Johannes Kepler Universität Linz,Bachelorstudium Mechatronik,"2 Klausuren, eine ca. zur Hälfte und eine am Ende der Lehrveranstaltung",Tafel- und Folienvortrag ergänzt durch Übungsbeispiele als Hausarbeit,Deutsch,,Pflichtfächer,0
361.009,Regelungstechnik,UE,Präsenz,Johannes Schrotshamer,2024S,"1,50",35,32,14.0,I. Regelungstechn. u. Prozessautomatis.,,B2 - Bachelor 2. Jahr,Mechatronik,Johannes Kepler Universität Linz,Bachelorstudium Mechatronik,"2 Klausuren, eine ca. zur Hälfte und eine am Ende der Lehrveranstaltung",Tafel- und Folienvortrag ergänzt durch Übungsbeispiele als Hausarbeit,Deutsch,,Pflichtfächer,0
361.001,Regelungstechnik,VL,Präsenz,Markus Schöberl,2024S,"4,50",140,131,21.0,I. Regelungstechn. u. Prozessautomatis.,,B2 - Bachelor 2. Jahr,Mechatronik,Johannes Kepler Universität Linz,Bachelorstudium Mechatronik,schriftliche Klausur und/oder mündliche Prüfung,Tafel- und Folienvortrag,Deutsch,,Pflichtfächer,0
382.059,Signalverarbeitung,VL,Präsenz,Mario Huemer,2024S,"4,50",70,53,15.0,I. Signalverarbeitung,office.isp@jku.at,B2 - Bachelor 2. Jahr,Informationselektronik,Johannes Kepler Universität Linz,Bachelorstudium Elektronik und Informationstechnik,Schriftliche Klausur,Folien/Tafelvortrag unterstützt mit Matlab-basierten Demos,Deutsch,,Wahlfächer,0
339.170,Softwareentwicklung 1,VO,Präsenz,Hanspeter Mössenböck,2024S,"3,00",100,108,12.0,I. Systemsoftware,hanspeter.moessenboeck@jku.at,B1 - Bachelor 1. Jahr,Informatik,Johannes Kepler Universität Linz,Bachelorstudium Informatik,Klausur am Semesterende,Folienvortrag mit Beispielen an der Tafel.,Deutsch,Für nähere Informationen siehe http://ssw.jku.at/Teaching/Lectures/,Software,0
339.191,Softwareentwicklung 2,VO,Präsenz,Herbert Prähofer,2024S,"3,00",300,307,17.0,I. Systemsoftware,herbert.praehofer@jku.at,B1 - Bachelor 1. Jahr,Informatik,Johannes Kepler Universität Linz,Bachelorstudium Informatik,Klausur am Semesterende,"Folienvortrag mit Beispielen an der Tafel. In wöchentlichen Programmieraufgaben, die in der darauffolgenden Woche besprochen werden, erwerben Sie praktische Programmiererfahrungen.",Deutsch,Für weitere Informationen siehe http://ssw.jku.at/Teaching/Lectures/SW2/VL/,Software,0
256.600,Soziale Auswirkungen der IT,KS,Präsenz,Hermann Sikora,2024S,"3,00",150,154,13.0,I. WI Information Engineering,office@ie.jku.at,B3 - Bachelor 3. Jahr,Sozialwissenschaften,Johannes Kepler Universität Linz,Bachelorstudium Wirtschaftsinformatik,Kurzreferat und schriftliche Arbeit zu einem selbstgewählten Thema.,Kurze beschreibende oder empirische Studie,Deutsch,,Soziale und geschlechterspezifische Aspekte der IT,0
339.341,Special Topics,KV,Präsenz,Hanspeter Mössenböck,2024S,"1,50",125,119,3.0,I. Systemsoftware,hanspeter.moessenboeck@jku.at,M1 - Master 1. Jahr,Informatik,Johannes Kepler Universität Linz,Masterstudium Computer Science,(*)See course descriptions. ,(*)See course descriptions. ,Englisch,(*)None.,(*)Area of Specialization,0
339.350,Special Topics,KV,Präsenz,William Steingartner,2024S,"1,50",35,12,4.0,I. Systemsoftware,sec@ssw.jku.at,M1 - Master 1. Jahr,Informatik,Johannes Kepler Universität Linz,Masterstudium Computer Science,(*)See course descriptions. ,(*)See course descriptions. ,Englisch,(*)None.,(*)Area of Specialization,0
238.213,Statistik für Sozial- und Wirtschaftswissenschaften,KS,Präsenz,Andreas Quatember,2024S,"3,00",180,173,14.0,A. Datengewinnung und Datenqualität,andreas.quatember@jku.at,B1 - Bachelor 1. Jahr,Statistik,Johannes Kepler Universität Linz,,,,,,Pflichtfächer,0
150.004,Steuerrecht,RE,Präsenz,Maximilian Reindl,2024S,"2,00",200,100,4.0,"I. Finanz-, Steuerrecht u. Steuerpolitik",steuerrecht@jku.at,,,,,,,,,Not available,0
269.030,Strategisches Management: Grundlagen,KS,Präsenz,Johannes Winkler,2024S,"3,00",100,82,6.0,I. Strategisches Management,,B2 - Bachelor 2. Jahr,Betriebswirtschaftslehre,Johannes Kepler Universität Linz,Bachelorstudium Betriebswirtschaftslehre,Klausur und Seminararbeit,"Zur Erreichung der Lehr- und Lernziele werden theoretische Inputs, Selbststudium sowie Übungen in Kleingruppen und Phasen der kritischen Reflexion und Diskussion eingesetzt.",Deutsch,,Wahlfächer,0
381.001,Technologien der Polymerverarbeitung 2: Spritzgießen,VL,Präsenz,Georg Steinbichler,2024S,"2,50",105,22,14.0,"I. Polymer Inj. Moulding, Process Autom.",,B2 - Bachelor 2. Jahr,Kunststofftechnik,Johannes Kepler Universität Linz,Bachelorstudium Nachhaltige Kunststofftechnik & Kreislaufwirtschaft,Schriftliche Prüfung mit transparentem Punktesystem und Notenzuteilung,Vorlesung mit Power Point Präsentation; Skripten werden über das KUSSS zur Verfügung gestellt,Deutsch,,Kunststofftechnik und Kreislaufwirtschaft,0
531.208,Wahrscheinlichkeitsrechnung,VO,Präsenz,Peter Kritzer,2024S,"4,00",100,76,28.0,A. MINT Didaktik,Peter.Kritzer@oeaw.ac.at,,,,,,,,,Not available,0
233.KS2,Wirtschafts- und Berufspädagogik 2,KS,Präsenz,Georg Hans Neuweg,2024S,"4,00",200,59,11.0,I. Wirtschafts- u. Berufspädagogik,georg.neuweg@jku.at,D - Diplom,Pädagogik,Johannes Kepler Universität Linz,Diplomstudium Wirtschaftspädagogik,Schriftliche Klausur sowie Reflexions- und Übungsaufgaben,"Vortrag, selbständiges Literaturstudium, Diskussion",Deutsch,Der Kurs Wirtschafts- und Berufspädagogik 2 (Sommersemester) wird alternierend mit dem Kurs Wirtschafts- und Berufspädagogik 1 (Wintersemester) angeboten. Er kann auch vor dem Kurs 1 absolviert werden.,Pflichtfächer 2. Studienabschnitt,0
367.144,Wirtschaftsgrundlagen der Informatik,VL,Präsenz,Werner Retschitzegger,2024S,"3,00",200,181,5.0,A. Kooperative Informationssysteme,werner.retschitzegger@jku.at,B2 - Bachelor 2. Jahr,Informatik,Johannes Kepler Universität Linz,Bachelorstudium Informatik,Klausur,Folien-basierter Vortrag,Deutsch,http://www.cis.jku.at,Begleitende Inhalte,0
367.145,Wirtschaftsgrundlagen für Informatiker,VO,Präsenz,Werner Retschitzegger,2024S,"3,00",15,2,5.0,A. Kooperative Informationssysteme,werner.retschitzegger@jku.at,,,,,,,,,Not available,0
531.170,Zahlentheorie,VO,Präsenz,Friedrich Pillichshammer,2024S,"2,00",110,97,13.0,A. MINT Didaktik,friedrich.pillichshammer@jku.at,,,,,,,,,Not available,0
239.301,Ökonomie für das Unterrichtsfach GW,VU,Präsenz,René Andeßner,2024S,"8,00",200,48,25.0,I. Volkswirtschaftslehre,,,,,,,,,,Not available,0
368.190,Algebra für Informatik,VL,Präsenz,Christoph Koutschan,2024S,"3,00",250,243,22.0,I. Algebra,,B1 - Bachelor 1. Jahr,Informatik,Johannes Kepler Universität Linz,Bachelorstudium Informatik,"Allgemein: Verständnis und  Beherrschung der vorgestellten Lösungsmethoden. Kenntnis der zugrunde liegenden Strukturtheorie und ihres logischen Aufbaus. Kenntnis und Darstellung der vermittelten Beweise. Korrektes eigenständiges Herleiten von Lösungsmethoden fuer verwandte Probleme.
Konkret: Schriftliche Klausurarbeit.",Vortrag,Deutsch,,Theorie,1
379.012,Angewandte Wärmetechnik,KV,Präsenz,Gerald Roman Berger-Weber,2024S,"2,00",45,8,12.0,I. Polymer Proc. and Digital Transform.,elisabeth.puehringer@jku.at,B2 - Bachelor 2. Jahr,Kunststofftechnik,Johannes Kepler Universität Linz,Bachelorstudium Nachhaltige Kunststofftechnik & Kreislaufwirtschaft,Schriftliche oder mündliche Prüfung nach Ende der Lehrveranstaltung. Es werden 3 Prüfungstermine pro Semester angeboten. 40 % der Note werden durch die Mitarbeit und Bestehen von Kurztests während der Lehrveranstaltung definiert. ,"Flipped Classroom: Studierende erlernen die theoretischen Grundlagen im Selbststudium (unterstützt durch Videos, Texte, Skriptum) vor dem jeweiligen Treffen im Hörsaal. Im Hörsaal werden die praktische Bedeutung anhand von Beispielen aus Solarthermie und Kunststofftechnik diskutiert sowie die praktische Anwendung in Form von Rechenaufgaben vertieft.",Deutsch,,Kunststofftechnik und Kreislaufwirtschaft,1
239.141,Behavioral Economics,KS,Präsenz,Matthias Fahn,2024S,"3,00",200,147,10.0,I. Volkswirtschaftslehre,,B2 - Bachelor 2. Jahr,Volkswirtschaftslehre,Johannes Kepler Universität Linz,Bachelorstudium Wirtschaftswissenschaften,Klausur,"Vortrag und Diskussion, Experimente",Englisch,,Wahlfächer,1
353.006,Betriebssysteme,VO,Präsenz,Rene Mayrhofer,2024S,"3,00",400,438,13.0,I. Netzwerke und Sicherheit,lva@ins.jku.at,B1 - Bachelor 1. Jahr,Informatik,Johannes Kepler Universität Linz,Bachelorstudium Informatik,Schriftliche Klausur,Vorlesung mit interaktiven Elementen,"Deutsch, Prüfung auf Englisch möglich",https://www.jku.at/institut-fuer-netzwerke-und-sicherheit/,Grundlagen der Informatik,1
231.117,Datenanalyse 1 (Grundlagen),VU,Präsenz,Johann Bacher,2024S,"3,00",130,90,13.0,A. Empirische Sozialforschung,johann.bacher@jku.at,B1 - Bachelor 1. Jahr,Sozialwissenschaften,Johannes Kepler Universität Linz,Bachelorstudium Soziologie,Abschlussklausur (die bei den Arbeitsaufgaben erreichten Punkte werden bei der Beurteilung berücksichtigt),"Vortrag durch Lehrveranstaltungsleiter
praktische Übungen in der Lehrveranstaltung
selbständige Bearbeitung von Arbeitsaufgaben ",Deutsch,Die LVA wird in jedem Semester angeboten.,Pflichtfächer,1
266.002,Einführung in Organisation,KS,Präsenz,Sara Maric,2024S,"3,00",100,102,11.0,I. Organisation,,B1 - Bachelor 1. Jahr,Betriebswirtschaftslehre,Johannes Kepler Universität Linz,Bachelorstudium Betriebswirtschaftslehre,Two assessment points,"Vorlesungen, online Tutorien, Selbststudium",Deutsch und Englisch,,(*)International Management and Marketing,1
239.706,Einführung in die Mikroökonomie,IK,Präsenz,Stefan Fink,2024S,"3,00",40,34,11.0,A. Gesundheitsökonomie,,B1 - Bachelor 1. Jahr,Volkswirtschaftslehre,Johannes Kepler Universität Linz,,,,,,Pflichtfächer,1
362.064,Elektrische Maschinen,UE,Präsenz,Thomas Krainer,2024S,"1,50",35,20,8.0,I. Elektr. Antriebe u. Leistungselektr.,thomas.krainer@jku.at,B2 - Bachelor 2. Jahr,Mechatronik,Johannes Kepler Universität Linz,Bachelorstudium Mechatronik,Schriftliche Klausur,,Deutsch,keine,Pflichtfächer,1
362.065,Elektrische Maschinen,UE,Präsenz,Stefan Mallinger,2024S,"1,50",35,33,8.0,I. Elektr. Antriebe u. Leistungselektr.,stefan.mallinger@jku.at,B2 - Bachelor 2. Jahr,Mechatronik,Johannes Kepler Universität Linz,Bachelorstudium Mechatronik,Schriftliche Klausur,,Deutsch,keine,Pflichtfächer,1
362.066,Elektrische Maschinen,UE,Präsenz,Christoph Dobler,2024S,"1,50",35,21,8.0,I. Elektr. Antriebe u. Leistungselektr.,christoph.dobler@jku.at,B2 - Bachelor 2. Jahr,Mechatronik,Johannes Kepler Universität Linz,Bachelorstudium Mechatronik,Schriftliche Klausur,,Deutsch,keine,Pflichtfächer,1
362.068,Elektrische Maschinen und Antriebselektronik,UE,Präsenz,Stefan Mallinger,2024S,"1,50",35,27,7.0,I. Elektr. Antriebe u. Leistungselektr.,stefan.mallinger@jku.at,B2 - Bachelor 2. Jahr,Informationselektronik,Johannes Kepler Universität Linz,Bachelorstudium Elektronik und Informationstechnik (ELIT),Schriftliche Klausur,Durchrechnen von Beispielen,"Deutsch, im Bedarfsfall Englisch",,Pflichtfächer,1
362.073,Elektrische Maschinen und Antriebselektronik,UE,Präsenz,Gabriel Weissitsch,2024S,"1,50",35,11,7.0,I. Elektr. Antriebe u. Leistungselektr.,gabriel.weissitsch@jku.at,B2 - Bachelor 2. Jahr,Informationselektronik,Johannes Kepler Universität Linz,Bachelorstudium Elektronik und Informationstechnik (ELIT),Schriftliche Klausur,Durchrechnen von Beispielen,"Deutsch, im Bedarfsfall Englisch",,Pflichtfächer,1
335.003,Elektrotechnik,VL,Präsenz,Andreas Springer,2024S,"3,00",160,94,11.0,I. Nachrichtentechnik u. Hochfrequenzsys,office@nthfs.jku.at,B1 - Bachelor 1. Jahr,Mechatronik,Johannes Kepler Universität Linz,Bachelorstudium Mechatronik,Schriftliche Klausur und mündliche Prüfung ,Folienvortrag ,Deutsch,,Pflichtfächer,1
252.031,Ethik,IK,Präsenz,Johannes Thaller,2024S,"3,00",40,38,9.0,I. Controlling und Consulting,,B3 - Bachelor 3. Jahr,Betriebswirtschaftslehre,Johannes Kepler Universität Linz,Bachelorstudium Betriebswirtschaftslehre,Reflexionen und Poster Präsentationen,"Vorträge im Rahmen einer Ringvorlesung, Diskussionen und Poster Präsentationen",Deutsch und Englisch,Es erfolgen in der LVA Expertenvorträge im Rahmen einer Ringvorlesung sowie Poster Präsentationen und Kleingruppendiskussionen.,Pflichtfächer,1
383.028,Funktionelle Anatomie,VL,Präsenz,Christoph Wolf,2024S,"3,00",150,156,5.0,I. Medizin- und Biomechatronik,,B1 - Bachelor 1. Jahr,Medical Engineering,Johannes Kepler Universität Linz,Bachelorstudium Medical Engineering,Schriftliche oder mündliche Prüfung,,Deutsch,,Medizinische Grundlagen,1
531.240,Geometrie,UV,Präsenz,Bert Jüttler,2024S,"3,00",25,30,34.0,A. MINT Didaktik,"bert.juettler@jku.at, katharina.rittenscho@ph-linz.at",,,,,,,,,Not available,1
531.241,Geometrie,UV,Präsenz,Bert Jüttler,2024S,"3,00",25,10,34.0,A. MINT Didaktik,"bert.juettler@jku.at, katharina.rittenscho@ph-linz.at",,,,,,,,,Not available,1
531.242,Geometrie,UV,Präsenz,Bert Jüttler,2024S,"3,00",25,14,34.0,A. MINT Didaktik,"bert.juettler@jku.at, katharina.rittenscho@ph-linz.at",,,,,,,,,Not available,1
229.054,Grundbegriffe und Grundzüge der Politik,VU,Präsenz,Harald Stöger,2024S,"6,00",200,138,14.0,I. Politikwissenschaft und Sozialpolitik,harald.stoeger@jku.at,B1 - Bachelor 1. Jahr,Sozialwissenschaften,Johannes Kepler Universität Linz,Bachelorstudium Sozialwirtschaft,"Abschlussklausur und kleinere schriftliche Leistungen (Exposé, Leseverständnistest(s), Textkommentar, etc.) während des Semesters.",Vorlesung mit interaktiven Elementen.,Deutsch,,Wahlfächer,1
250.900,Grundlagen Wissenschaftliches Arbeiten,KS,Präsenz,Markus Mottinger,2024S,"3,00",200,82,7.0,I. Unternehmensrg. u. Wirtschaftsprüfung,,B1 - Bachelor 1. Jahr,Betriebswirtschaftslehre,Johannes Kepler Universität Linz,Bachelorstudium Betriebswirtschaftslehre,Klausur/interaktive Elemente ,"Vortrag, Diskussion ",Deutsch oder Englisch,,Wissenschaftlich Arbeiten,1
140.004,Grundrechte II,VL,Präsenz,Christoph Herbst,2024S,"0,50",150,119,5.0,I. Verwaltungsrecht u. -lehre,vwrecht@jku.at,D - Diplom,Rechtswissenschaften,Johannes Kepler Universität Linz,Diplomstudium Rechtswissenschaften,-,Selbststudium zur Vorbereitung auf die Vorlesung; Vortrag; Diskussion; Fallbesprechung,Deutsch,Die VL Grundrechte II baut auf dem KS Grundrechte I auf und vermittelt gemeinsam mit diesem ein umfassendes Bild vom Inhalt der Grundrechte und der allgemeinen Grundrechtslehren.,Zweiter Studienabschnitt,1
360.001,Grundzüge der Thermofluiddynamik,VL,Präsenz,Philipp Gittler,2024S,"4,50",200,121,28.0,I. Strömungslehre u. Wärmeübertragung,office.fluid@jku.at,B2 - Bachelor 2. Jahr,Mechatronik,Johannes Kepler Universität Linz,Bachelorstudium Mechatronik,Schriftliche und/oder mündliche Prüfung,Vortrag anhand eines Skriptums,Deutsch,begleitende Übung,Pflichtfächer,1
231.115,Grundzüge der empirischen Sozialforschung,VU,Präsenz,Dimitri Prandner,2024S,"3,00",200,72,13.0,A. Empirische Sozialforschung,dimitri.prandner@jku.at,B1 - Bachelor 1. Jahr,Sozialwissenschaften,Johannes Kepler Universität Linz,Bachelorstudium Soziologie,Positive Absolvierung einer schriftlichen Abschlussarbeit am Ende des Semesters,"Vortrag durch die/den Lehrende/nZu jedem Termin wird im MOODLE ein aktueller Foliensatz bereit gestellt.
Nach Möglichkeit erfolgt am Beginn jeder Vorlesung eine interaktive Wiederholung des Stoffs der letzten Einheit.
Es existiert eine autorisierte Vorlesungsmitschrift, die jährlich aktualisiert wird und zum Selbstkostenpreis erworben werden kann.
Der LVA ist im MOODLE ein Diskussionsforum zugeordnet, das von TutorInnen betreut wird.",Deutsch,Internet-Lexikon der Methoden der empirischen Sozialforschung: http://wlm.userweb.mwn.de/ilmes.htm,Pflichtfächer,1
239.010,Integrative und problemorientierte Fragestellungen der Geographie und Ökonomie I,UV,Präsenz,Dieter Pennerstorfer,2024S,"3,00",25,0,9.0,I. Volkswirtschaftslehre,,,,,,,,,,Not available,1
334.005,Konstruktionswerkstoffe,VL,Präsenz,Bernhard Sonderegger,2024S,"3,00",110,52,16.0,I. Metallische Konstruktionswerkstoffe,imk@jku.at,B2 - Bachelor 2. Jahr,Maschinenbau,Johannes Kepler Universität Linz,Bachelorstudium Maschinenbau,schriftliche Prüfung mit 50 % Fragen und 50 % Beispielrechnungen. ,Die Vorlesung beinhaltet sowohl grundlegende als auch praxisrelevante Methoden in der Auswahl von Werkstoffen für spezifische Konstruktionsaufgaben in Maschinenbau und Kunststofftechnik. ,Deutsch,In der Vorlesung werden die erarbeiteten Methoden durch Übungsbeispiele vertieft. ,Pflichtfächer,1
100.100,Law in Practice,KS,Präsenz,Wilhelm Bergthaler,2024S,"3,00",100,69,1.0,Dekanat Rechtswissenschaftliche Fakultät,lip@jku.at,,,,,,,,,Not available,1
362.000,Leistungselektronik 1,VO,Präsenz,Gerd Bramerdorfer,2024S,"3,00",40,28,12.0,I. Elektr. Antriebe u. Leistungselektr.,office.eal@jku.at,M2 - Master 2. Jahr,Informationselektronik,Johannes Kepler Universität Linz,Masterstudium Elektronik und Informationstechnik (ELIT),Schriftliche Klausur,"Folienvortrag, anlassbezogen selbständiges Studium von einführenden Videobeiträgen","Deutsch, Englisch in Ausnahmefällen",,Wahlfächer,1
531.120,Lineare Algebra I,VO,Präsenz,Erhard Aichinger,2024S,"4,00",125,102,26.0,A. MINT Didaktik,erhard.aichinger@jku.at,,,,,,,,,Not available,1
282.001,Management Control,IK,Präsenz,Shekerta Aliu,2024S,"3,00",40,46,12.0,Institut Management Accounting,shekerta.aliu@jku.at,B2 - Bachelor 2. Jahr,Betriebswirtschaftslehre,Johannes Kepler Universität Linz,Bachelorstudium International Business Administration,(*)Exam and homework,"(*)Lecture, discussions and practical examples",Englisch,,"(*)International Finance, Accounting and Taxation",1
358.001,Maschinenelemente,VL,Präsenz,Gudrun Mikota,2024S,"3,00",170,117,13.0,I. Maschinenlehre u. Fluidtechnik,office.imh@jku.at,B2 - Bachelor 2. Jahr,Maschinenbau,Johannes Kepler Universität Linz,Bachelorstudium Maschinenbau,"Schriftliche und mündliche Prüfung. Die schriftliche Prüfung besteht aus zwei Beispielen; beide Beispiele umfassen jeweils die Berechnung einer kleineren Baugruppe. In Summe muss die Hälfte der Punkte erreicht werden, um zur mündlichen Prüfung antreten zu können. Ausnahme: bei der 3. Prüfung kann in jedem Fall ein Antritt zur mündlichen Prüfung erfolgen. In der mündlichen Prüfung werden zwei Fragen gestellt, die meist einen größeren Bereich umfassen; während der Antwort werden Zwischenfragen gestellt, um die Durchdringung des Fachgebietes zu überprüfen.",Frontalunterricht; ausführliches Skriptum; Üben des Erlernten in den begleitenden Übungen (siehe Maschinenelemente Übungen) ,Deutsch,Keine,Pflichtfächer,1
378.014,Medizintechnik des Bewegungsapparates,KV,Präsenz,Julia Maier,2024S,"4,50",70,72,8.0,I. Polymer Product Engineering,,B2 - Bachelor 2. Jahr,Medical Engineering,Johannes Kepler Universität Linz,Bachelorstudium Medical Engineering,Schriftliche Prüfung,,Deutsch,,Problemorientierte Medizintechnik,1
378.012,Medizintechnik des Nervensystems,KV,Präsenz,Julia Maier,2024S,"4,50",70,73,8.0,I. Polymer Product Engineering,,B2 - Bachelor 2. Jahr,Medical Engineering,Johannes Kepler Universität Linz,Bachelorstudium Medical Engineering,Schriftliche Prüfung,,Deutsch,,Problemorientierte Medizintechnik,1
327.029,Numerik und Optimierung,KV,Präsenz,Stefan Takacs,2024S,"6,00",140,95,27.0,I. Numerische Mathematik,,M1 - Master 1. Jahr,Mathematik,Johannes Kepler Universität Linz,Masterstudium Mechatronik,"Zur KV ist eine mündliche Prüfung abzulegen.
In die Endnote gehen die Note zu den Übungsblättern und die Note der mündlichen Prüfung zu jeweils 50% ein. Die Prüfung ist bestanden, wenn Sie mindestens die Note 4 in beiden Prüfungsanteilen erreichen.
Bitte bringen Sie zu den mündlichen Prüfungen die 4 Uebungsblätter mit ! ",,Deutsch,keine,(*)Elective Tracks,1
379.020,Polymer Extrusion and Compounding 2: Modelling Screw Extrusion,VL,Präsenz,Alexander Hammer,2024S,"3,00",40,18,13.0,I. Polymer Proc. and Digital Transform.,elisabeth.puehringer@jku.at,M1 - Master 1. Jahr,Kunststofftechnik,Johannes Kepler Universität Linz,Masterstudium Polymer Technologies and Science (PTS),(*)Written exam,,Englisch,"(*)It is strongly recommended to join also the lecture ""Polymer Extrusion and Compounding 2: Modelling Screw Extrusion"" (UE, Exercise) ",(*)Polymer Processing,1
190.300,Privatrecht für Wirtschaftsinformatik,KV,Präsenz,Martina Eliskases,2024S,"4,50",150,118,10.0,I. Zivilrecht,martina@eliskases.at,B2 - Bachelor 2. Jahr,Rechtswissenschaften,Johannes Kepler Universität Linz,Bachelorstudium Wirtschaftsinformatik,"zwei Klausuren (Gewichtung jeweils 50 %, positive Note ab insgesamt mehr als 50 % der Punkte)","Die Lehrveranstaltung besteht aus zwei Komponenten: Ein Teil der Lehrveranstaltung ist seinem Charakter nach als klassische „Vorlesung“ konzipiert, der der Stoffvermittlung dient. Der andere Teil hat primär Übungscharakter, bei dem der vermittelte Stoff auf Fälle angewendet wird.",Deutsch,,Grundlagen des Rechts,1
365.232,Programming in Python II,UE,Präsenz,Rainer Dangl,2024S,"1,50",70,46,13.0,I. Machine Learning,,B1 - Bachelor 1. Jahr,Artificial Intelligence,Johannes Kepler Universität Linz,Bachelorstudium Artificial Intelligence,(*)Online Assignments,,Englisch,,(*)Computer Science,1
532.210,Pädagogische Psychologie für Schule und Unterricht,VU,Präsenz,Cornelia Große,2024S,"2,00",170,59,15.0,A. Bildungsforschung,cornelia.grosse@jku.at,,,,,,,,,Not available,1
361.007,Regelungstechnik,UE,Präsenz,Georg Hartl,2024S,"1,50",35,35,14.0,I. Regelungstechn. u. Prozessautomatis.,,B2 - Bachelor 2. Jahr,Mechatronik,Johannes Kepler Universität Linz,Bachelorstudium Mechatronik,"2 Klausuren, eine ca. zur Hälfte und eine am Ende der Lehrveranstaltung",Tafel- und Folienvortrag ergänzt durch Übungsbeispiele als Hausarbeit,Deutsch,,Pflichtfächer,1
361.008,Regelungstechnik,UE,Präsenz,Johannes Schrotshamer,2024S,"1,50",35,33,14.0,I. Regelungstechn. u. Prozessautomatis.,,B2 - Bachelor 2. Jahr,Mechatronik,Johannes Kepler Universität Linz,Bachelorstudium Mechatronik,"2 Klausuren, eine ca. zur Hälfte und eine am Ende der Lehrveranstaltung",Tafel- und Folienvortrag ergänzt durch Übungsbeispiele als Hausarbeit,Deutsch,,Pflichtfächer,1
361.009,Regelungstechnik,UE,Präsenz,Johannes Schrotshamer,2024S,"1,50",35,32,14.0,I. Regelungstechn. u. Prozessautomatis.,,B2 - Bachelor 2. Jahr,Mechatronik,Johannes Kepler Universität Linz,Bachelorstudium Mechatronik,"2 Klausuren, eine ca. zur Hälfte und eine am Ende der Lehrveranstaltung",Tafel- und Folienvortrag ergänzt durch Übungsbeispiele als Hausarbeit,Deutsch,,Pflichtfächer,1
361.001,Regelungstechnik,VL,Präsenz,Markus Schöberl,2024S,"4,50",140,131,21.0,I. Regelungstechn. u. Prozessautomatis.,,B2 - Bachelor 2. Jahr,Mechatronik,Johannes Kepler Universität Linz,Bachelorstudium Mechatronik,schriftliche Klausur und/oder mündliche Prüfung,Tafel- und Folienvortrag,Deutsch,,Pflichtfächer,1
382.037,Schaltungs- und Programmiertechnik 2,VL,Präsenz,Michael Lunglmayr,2024S,"6,00",175,139,17.0,I. Signalverarbeitung,office.isp@jku.at,B1 - Bachelor 1. Jahr,Medical Engineering,Johannes Kepler Universität Linz,Bachelorstudium Medical Engineering,Schriftliche Klausur,Folien/Tafelvortrag und Distance Learning,Deutsch,,Informationstechnik,1
190.035,Schuldrecht Besonderer Teil: Gesetzliche Schuldverhältnisse,KS,Präsenz,Andreas Geroldinger,2024S,"3,00",200,64,28.0,I. Zivilrecht,privatrechtsentwicklung@jku.at,D - Diplom,Rechtswissenschaften,Johannes Kepler Universität Linz,Diplomstudium Rechtswissenschaften,"Die Beurteilung erfolgt auf Grundlage automatisierter Computer-Tests über den gesamten Stoff der Lehrveranstaltung. Im Präsenzstudium werden während des laufenden Semesters vier bis sieben derartige Tests angeboten; die genaue Anzahl der Tests sowie der jeweils maßgebliche Stoffumfang werden zu Beginn der Lehrveranstaltung bekanntgegeben. Das schlechteste Ergebnis wird für die Beurteilung nicht herangezogen. Im Multimediastudium werden die Anzahl und näheren Modalitäten der Tests zu Beginn der Lehrveranstaltung bekanntgegeben.
Beurteilung: 
Teilnahme an allen oder an der um eins verminderten Anzahl an angebotenen Tests und mindestens die Hälfte der Fragen der für die Gesamtbeurteilung maßgebenden Tests richtig beantwortet = „mit Erfolg teilgenommen“
	weniger als die Hälfte der Fragen richtig beantwortet = „ohne Erfolg teilgenommen“
Studierende, die auf dieser Grundlage mit „ohne Erfolg teilgenommen“ beurteilt wurden, haben das Recht, die Lehrveranstaltungsprüfung in dem auf die Lehrveranstaltung folgenden Semester bis zu zweimal zu wiederholen. Jede Wiederholung erfolgt in Form eines automatisierten Computer-Tests über den gesamten Stoff der Lehrveranstaltung. Für die Beurteilung „mit Erfolg teilgenommen“ muss mindestens die Hälfte der Fragen richtig beantwortet werden.",Vortrag mit interaktiven Elementen ,Deutsch,,Zweiter Studienabschnitt,1
259.022,Software Architectures,KV,Präsenz,Rainer Weinreich,2024S,"4,50",65,62,12.0,I. WI Software Engineering,rainer.weinreich@jku.at,M1 - Master 1. Jahr,Informatik,Johannes Kepler Universität Linz,Masterstudium Computer Science,"(*)Lecture: written exam at the end of the semesterExercises: written contributions, presentations and discussionsThe total grade is a weighted average of the points reached for both parts (ratio lecture:exercises = 2:1)","(*)Slide-based presentation, exercises with discussions, small projects in teams",Englisch,,(*)Major Subject,1
339.170,Softwareentwicklung 1,VO,Präsenz,Hanspeter Mössenböck,2024S,"3,00",100,108,12.0,I. Systemsoftware,hanspeter.moessenboeck@jku.at,B1 - Bachelor 1. Jahr,Informatik,Johannes Kepler Universität Linz,Bachelorstudium Informatik,Klausur am Semesterende,Folienvortrag mit Beispielen an der Tafel.,Deutsch,Für nähere Informationen siehe http://ssw.jku.at/Teaching/Lectures/,Software,1
366.560,Statistik,VO,Präsenz,Thomas Forstner,2024S,"3,00",200,147,14.0,A. Angewandte Systemforsch. u. Statistik,thomas.forstner@jku.at,B2 - Bachelor 2. Jahr,Informatik,Johannes Kepler Universität Linz,Bachelorstudium Informatik,Klausur am Semesterende,Vortrag durch die/den Lehrende/n,Deutsch,"Abteilungshomepage: www.systat.jku.at
weiterführende Lehrveranstaltungen:
Statistik 2 (aufbauend auf den Grundkenntnissen aus einer einführenden Statistik-LVA werden weitere parametrische und nicht-parametrische Testverfahren vorgestellt)
Special Topics: Computer Assisted Statistics with SPSS (Umsetzung der erworbenen statistischen Methoden mittels des Programmpakets SPSS)
Special Topics: Biostatistics in Clinical Research (einführende Lehrveranstaltung über die statistischen Methoden in der klinischen Forschung)
Special Topics: Applied Biostatistics (weiterführende Lehrveranstaltung über die statistischen Methoden in der klinischen Forschung)
Special Topics: Statistics 3 - Univariate Methods
Special Topics: Statistics 4 - Multivariate Methods
Special Topics: Statistical Coaching (Servicelehrveranstaltung für alle Studierende, die bei der Abfassung von Seminararbeiten, Bachlorarbeiten, Masterarbeiten, Dissertationen und usw. statistische Unterstützung benötigen) ",Theorie,1
238.302,Statistik für Sozial- und Wirtschaftswissenschaften,KS,Präsenz,Angela Bitto-Nemling,2024S,"3,00",200,115,14.0,A. Datenanalyse und Ökonometrie,angela.bitto-nemling@jku.at,B1 - Bachelor 1. Jahr,Statistik,Johannes Kepler Universität Linz,,,,,,Pflichtfächer,1
150.005,Steuerrecht,RE,Präsenz,Thomas Bieber,2024S,"2,00",200,35,4.0,"I. Finanz-, Steuerrecht u. Steuerpolitik",steuerrecht@jku.at,,,,,,,,,Not available,1
269.031,Strategisches Management: Vertiefung,IK,Präsenz,Melanie Wiener,2024S,"3,00",40,36,6.0,I. Strategisches Management,,B2 - Bachelor 2. Jahr,Betriebswirtschaftslehre,Johannes Kepler Universität Linz,Bachelorstudium Betriebswirtschaftslehre,Klausur und Seminararbeit,"Zur Erreichung der Lehr- und Lernziele werden theoretische Inputs, Selbststudium sowie Übungen in Kleingruppen und Phasen der kritischen Reflexion und Diskussion eingesetzt.",Deutsch,,Wahlfächer,1
269.035,Strategisches Management: Vertiefung,IK,Präsenz,Melanie Wiener,2024S,"3,00",40,39,6.0,I. Strategisches Management,,B2 - Bachelor 2. Jahr,Betriebswirtschaftslehre,Johannes Kepler Universität Linz,Bachelorstudium Betriebswirtschaftslehre,Klausur und Seminararbeit,"Zur Erreichung der Lehr- und Lernziele werden theoretische Inputs, Selbststudium sowie Übungen in Kleingruppen und Phasen der kritischen Reflexion und Diskussion eingesetzt.",Deutsch,,Wahlfächer,1
359.020,Technische Mechanik 2,UE,Präsenz,Helmut Holl,2024S,"3,00",35,35,17.0,I. Technische Mechanik,,B1 - Bachelor 1. Jahr,Mechatronik,Johannes Kepler Universität Linz,Bachelorstudium Mechatronik,Schriftliche Überprüfungen,Tafelvortrag,Deutsch,keine,Pflichtfächer,1
359.022,Technische Mechanik 2,UE,Präsenz,Astrid Sabine Pechstein,2024S,"3,00",35,28,17.0,I. Technische Mechanik,,B1 - Bachelor 1. Jahr,Mechatronik,Johannes Kepler Universität Linz,Bachelorstudium Mechatronik,Schriftliche Überprüfungen,Tafelvortrag,Deutsch,keine,Pflichtfächer,1
359.024,Technische Mechanik 2,UE,Präsenz,Mario Kunzemann,2024S,"3,00",35,33,17.0,I. Technische Mechanik,,B1 - Bachelor 1. Jahr,Mechatronik,Johannes Kepler Universität Linz,Bachelorstudium Mechatronik,Schriftliche Überprüfungen,Tafelvortrag,Deutsch,keine,Pflichtfächer,1
379.014,Technologien der Polymerverarbeitung 3: Modellierung,VL,Präsenz,Mohammadreza Aali,2024S,"2,50",45,23,12.0,I. Polymer Proc. and Digital Transform.,,B3 - Bachelor 3. Jahr,Kunststofftechnik,Johannes Kepler Universität Linz,Bachelorstudium Nachhaltige Kunststofftechnik & Kreislaufwirtschaft,Schriftliche Prüfung,,Deutsch,,Kunststofftechnik und Kreislaufwirtschaft,1
365.041,Theoretical Concepts of Machine Learning,VO,Präsenz,Johannes Brandstetter,2024S,"3,00",400,393,11.0,I. Machine Learning,,M2 - Master 2. Jahr,Artificial Intelligence,Johannes Kepler Universität Linz,Masterstudium Artificial Intelligence,(*)Exam (written or oral),(*)Slide presentations complemented by examples presented on the blackboard,Englisch,,(*)Complementary Subject,1
102.016,Wertpapierrecht,VO,Präsenz,Thomas Wolkerstorfer,2024S,"0,50",200,97,3.0,I. Unternehmensrecht,,D - Diplom,Rechtswissenschaften,Johannes Kepler Universität Linz,Diplomstudium Rechtswissenschaften,Lehrveranstaltungsprüfung,Vortrag,Deutsch,,Zweiter Studienabschnitt,1
256.902,Wissenschaftliche Ergebnisse verständlich kommunizieren,KS,Präsenz,Manuela Macedonia,2024S,"6,00",200,17,14.0,I. WI Information Engineering,manuela.macedonia@jku.at,,,,,,,,,Not available,1
231.010,Wissenschaftliches Arbeiten in der Soziologie I / Präsentation und Argumentation,VU,Präsenz,Clemens Pfeffer,2024S,"3,00",200,27,13.0,"A. Soziologie, Schwerp. Innov., Digital.",,B1 - Bachelor 1. Jahr,Sozialwissenschaften,Johannes Kepler Universität Linz,Bachelorstudium Soziologie,KlausurarbeitProjektkonzept als GruppenarbeitPräsentation des Projektkonzepts,"Kurzinputs der LV-Leitung; Gruppenarbeiten, moderierte Diskussionen, praktische Übungen in Kleingruppen, Projektpräsentationen von Kleingruppen mit Plenumsfeedback",Deutsch,,Pflichtfächer,1
